,baseMean,log2FoldChange,lfcSE,stat,pvalue,padj
YEL050W-A,4.328366813,-8.838253938,2.352285315,11.19415807,0.000820553,0.025644627
YNL014W,39.01842064,-6.849574027,1.599360256,27.06715033,1.97E-07,3.68E-05
YGL125W,27.14440796,-6.569270651,1.586113194,25.25221957,5.03E-07,7.39E-05
YMR303C,522.9110331,-5.214169156,1.115183018,19.72940323,8.92E-06,0.000822318
YOL159C-A,6.627734965,-4.940458683,1.743786712,9.004502943,0.002693152,0.059053879
YNL142W,24.32003352,-4.450670324,1.555821901,11.96446305,0.000542248,0.019147704
YDR285W,17.36900583,-4.444098386,1.620897884,8.797878395,0.00301581,0.062595334
YBR033W,28.76466127,-4.379410858,1.58391056,10.11468092,0.001470929,0.036861345
YCR098C,19.66968775,-4.37178467,1.679029083,7.522023697,0.006094917,0.099831804
YBR132C,44.0591877,-4.364348446,1.149863043,23.56628923,1.21E-06,0.000156256
YBR148W,11.48332281,-4.333861317,1.669735774,8.686405523,0.003205923,0.065293592
YLL019C,51.32706148,-4.315360117,0.638914871,49.12717019,2.40E-12,2.17E-09
YFL054C,20.96714668,-4.126025467,1.602810187,8.739354037,0.003114148,0.064146734
YGL156W,40.80204733,-3.861001122,0.911706971,22.57030423,2.03E-06,0.000234403
YMR170C,57.30674986,-3.603916269,0.854334472,24.79544566,6.37E-07,8.89E-05
YGR008C,74.20887683,-3.312125968,0.654316649,28.32720533,1.02E-07,2.06E-05
YBR072W,20.05776057,-3.275981079,1.090306794,10.95315622,0.000934443,0.028388276
YJR096W,48.22034208,-3.055324015,0.974272165,13.27749873,0.000268611,0.011323292
YFL021W,46.21000015,-3.022204044,1.130098303,10.93629256,0.000942987,0.028488677
YBR092C,203.5727708,-3.001238543,0.640309846,30.23485746,3.83E-08,9.05E-06
YCR021C,25.10463058,-2.977095864,1.191730819,8.4899694,0.003571098,0.070106973
YER190W,150.3508158,-2.972065437,1.419104599,7.692672413,0.005544547,0.093075757
YPL216W,64.29445412,-2.951725281,0.885848093,13.73101763,0.000210942,0.009848471
YDR400W,58.40564423,-2.803685321,0.641782047,21.47983177,3.58E-06,0.000396829
YCL005W-A,32.155039,-2.681980051,0.789934982,11.5164715,0.000689822,0.022328882
YIL123W,1014.961564,-2.583580403,0.462523913,30.29442216,3.71E-08,9.05E-06
YER125W,309.8176314,-2.496379632,0.310566401,63.72576518,1.43E-15,2.59E-12
YJL079C,131.4820805,-2.456549607,0.816927429,9.934614404,0.001621994,0.039685547
YBR208C,50.6800201,-2.416093445,0.664383715,14.96988051,0.000109241,0.006268116
YBR022W,28.24063839,-2.372525944,0.835756667,8.8598312,0.002915145,0.061444032
YOL130W,180.9795435,-2.262331882,0.436744339,26.7213697,2.35E-07,4.12E-05
YMR189W,301.7496862,-2.260254041,0.417412954,29.83651448,4.70E-08,1.02E-05
YIL011W,59.5949764,-2.251402666,0.762874132,8.983955445,0.002723604,0.059481769
YGL206C,1217.747698,-2.242529548,0.366272758,36.70393617,1.38E-09,4.67E-07
YPR065W,160.3623857,-2.15516657,0.369050153,33.63135467,6.66E-09,1.91E-06
YER037W,68.04829733,-2.130134492,0.666662674,11.77422292,0.000600566,0.02029636
YDL112W,231.1574297,-2.083714674,0.354078423,34.2327722,4.89E-09,1.48E-06
YJR109C,318.7827513,-2.053654542,0.401818709,25.88689091,3.62E-07,5.62E-05
YLL013C,152.72285,-2.041214638,0.441394086,21.2127813,4.11E-06,0.000438254
YCL037C,425.284366,-2.037246023,0.333019945,36.95489921,1.21E-09,4.38E-07
YGR061C,1545.916119,-1.999323064,0.270364885,53.84214265,2.17E-13,2.95E-10
YJR137C,115.916662,-1.95142919,0.402633672,23.59887274,1.19E-06,0.000156256
YCR005C,1439.735486,-1.943318339,0.377414299,26.50901578,2.62E-07,4.46E-05
YEL034W,3835.061622,-1.91775804,0.282580516,45.28902758,1.70E-11,1.16E-08
YJL042W,85.41432978,-1.894256373,0.446769944,18.1154779,2.08E-05,0.001615122
YDL054C,58.33617746,-1.881530862,0.547162679,12.34500679,0.000442168,0.016757246
YOR350C,72.44385249,-1.878697292,0.61966435,9.091305436,0.002568275,0.057238848
YDL185W,2288.252351,-1.877754259,0.298549063,38.93158001,4.39E-10,1.70E-07
YPL240C,1752.197154,-1.87141479,0.495436585,14.03027371,0.000179891,0.008961412
YMR186W,6841.397347,-1.865983987,0.269711241,47.08423128,6.80E-12,5.28E-09
YLL021W,168.5695232,-1.856810519,0.471776332,15.30030448,9.17E-05,0.005603079
YPL128C,102.5357903,-1.850937025,0.403651437,20.79488447,5.11E-06,0.000524504
YMR205C,2647.329592,-1.786164605,0.250174266,50.26891149,1.34E-12,1.46E-09
YMR121C,450.2636594,-1.774427303,0.454112838,14.98586586,0.000108319,0.006268116
YDR356W,48.08267172,-1.768264282,0.631713048,7.715729459,0.005474174,0.092814144
YKL176C,89.19609619,-1.733908919,0.485349906,12.66565087,0.000372435,0.014570509
YML123C,3313.261282,-1.71622374,0.329033413,26.96156801,2.08E-07,3.76E-05
YBL101C,85.26689565,-1.709855008,0.495905572,11.73506888,0.000613333,0.020588306
YHR192W,81.67910738,-1.671952412,0.534725355,9.631309797,0.001912881,0.045031382
YGL253W,2202.105619,-1.666169497,0.247793646,44.70050759,2.30E-11,1.39E-08
YML056C,1675.51842,-1.662864001,0.308685774,28.65625428,8.64E-08,1.81E-05
YDR046C,359.7121785,-1.662815388,0.321426566,26.41720478,2.75E-07,4.53E-05
YBR162C,908.2504754,-1.654478692,0.375028176,19.20578546,1.17E-05,0.001029336
YGR240C,2911.006489,-1.638430477,0.297776865,29.90253538,4.54E-08,1.02E-05
YGR204W,948.6269339,-1.631785687,0.259434423,39.15019523,3.92E-10,1.64E-07
YGL195W,1096.629766,-1.631000584,0.370076444,19.21241571,1.17E-05,0.001029336
YDL171C,665.9471091,-1.629897181,0.450357475,12.94758017,0.000320335,0.01290358
YPL160W,1890.512764,-1.627954418,0.287851812,31.63951011,1.86E-08,4.81E-06
YKR095W,156.7528199,-1.620865084,0.533154894,9.206076567,0.002412131,0.054428085
YOR204W,1096.161511,-1.614564341,0.281243623,32.62357532,1.12E-08,3.04E-06
YDR309C,71.94564382,-1.583885043,0.524559845,8.915524474,0.002827566,0.060536629
YNL190W,526.7589801,-1.564817141,0.308722639,25.41601869,4.62E-07,6.98E-05
YLR249W,17939.61426,-1.551807255,0.319684354,23.2866776,1.40E-06,0.000176499
YDR213W,67.6394699,-1.539083835,0.481706834,10.04270949,0.001529521,0.037979604
YOL125W,95.31155583,-1.528122934,0.513602566,8.523354563,0.003506176,0.069658729
YDR097C,105.7413822,-1.518782786,0.386005801,15.33814557,8.99E-05,0.005554369
YAL035W,1211.245187,-1.50775912,0.501143434,8.958747433,0.002761442,0.059890344
YJL082W,90.47911981,-1.507163648,0.408683998,13.51672356,0.000236447,0.010369339
YKL101W,153.9719111,-1.499877894,0.363381487,16.95524963,3.83E-05,0.002774928
YGL066W,61.8677767,-1.498789492,0.491353062,9.115267978,0.002534848,0.056726356
YLR286C,809.6803949,-1.491531619,0.362535812,16.87023519,4.00E-05,0.002863846
YBL042C,166.9203619,-1.488112716,0.35461378,17.63696025,2.67E-05,0.001991514
YOR043W,183.4045788,-1.485771805,0.431259943,12.16209199,0.000487706,0.017799649
YMR196W,84.91108056,-1.481907721,0.525545718,8.301123703,0.003962056,0.076097583
YMR266W,191.1370147,-1.480253609,0.361004541,16.69964838,4.38E-05,0.003052887
YDL160C,285.4402796,-1.468635233,0.306470333,22.85921585,1.74E-06,0.000215433
YDR382W,2762.371297,-1.46720678,0.457649471,10.16727554,0.001429554,0.036497243
YNR016C,2310.726742,-1.445190677,0.437062283,10.82977217,0.000998809,0.028777968
YLR259C,2139.837176,-1.4393546,0.362390797,15.61885544,7.75E-05,0.005137109
YJR009C,15780.22813,-1.434348448,0.3212782,19.73052587,8.92E-06,0.000822318
YLR134W,344.9816313,-1.398250883,0.378768175,13.54016284,0.000233512,0.010369339
YLR367W,235.9512546,-1.395450115,0.440386747,10.02413432,0.001545023,0.038190153
YMR070W,88.41977005,-1.373637014,0.474776457,8.193976471,0.00420297,0.077740648
YLL024C,12364.42838,-1.367030936,0.300028147,20.57113697,5.75E-06,0.000568082
YDL055C,2981.056302,-1.360096973,0.293138636,21.33731748,3.85E-06,0.0004189
YOL004W,327.0975846,-1.354289731,0.284347715,22.60550182,1.99E-06,0.000234403
YGR157W,512.0091345,-1.346733837,0.299139702,20.13892296,7.20E-06,0.000699328
YCL064C,560.1581377,-1.33129577,0.427568422,10.54268642,0.001166487,0.032037166
YDL066W,649.1410876,-1.328318591,0.312030818,18.02902408,2.18E-05,0.001666345
YMR229C,915.7256812,-1.323142134,0.377474727,12.20626724,0.000476292,0.017500527
YJL171C,388.503471,-1.321350273,0.401917795,10.6925863,0.001075657,0.03015167
YML017W,110.0649965,-1.312428227,0.408992509,10.27742582,0.001346677,0.035207834
YLR413W,1230.269819,-1.297805365,0.341302611,14.34362443,0.000152295,0.007812998
YPL231W,3434.925697,-1.297739307,0.433769471,8.878767815,0.002885062,0.061285027
YJL039C,361.9275208,-1.273958604,0.296851377,18.34858432,1.84E-05,0.001471104
YMR307W,3462.937926,-1.268047735,0.277565107,20.70712924,5.35E-06,0.00053893
YDL192W,623.7452957,-1.260984772,0.283176154,19.76082346,8.78E-06,0.000822318
YNL066W,323.4041814,-1.251847583,0.350000423,12.70297292,0.000365075,0.01438606
YHR155W,86.52618094,-1.251750209,0.452786997,7.53290504,0.006058214,0.099530418
YCR065W,93.82212082,-1.250430708,0.440305572,8.06803049,0.004505306,0.08024443
YGL203C,159.6067762,-1.247262373,0.334510173,13.82550184,0.000200595,0.009568734
YDR232W,363.672884,-1.246193007,0.336184127,13.61467365,0.000224424,0.01017017
YOR341W,1103.649863,-1.245509744,0.349725336,12.61978945,0.000381684,0.01482571
YNL112W,898.1566222,-1.243995212,0.345364753,12.91458508,0.000326032,0.013036472
YJL080C,1350.71199,-1.236495665,0.289275002,18.16268179,2.03E-05,0.001598412
YIL125W,328.8285261,-1.234680416,0.328562132,14.05663677,0.000177387,0.00893175
YJR143C,624.3556073,-1.231140678,0.290225269,17.89606821,2.33E-05,0.001762083
YPL226W,1303.591589,-1.225658465,0.321566148,14.45682768,0.000143409,0.007645671
YOR317W,508.9120048,-1.220794641,0.309278921,15.59413671,7.85E-05,0.005137109
YDR019C,158.5965738,-1.220766067,0.419563263,8.596302053,0.003368463,0.067592994
YIL094C,206.7149228,-1.21727046,0.409488548,9.014390577,0.002678622,0.058973059
YPR154W,88.83029728,-1.213812941,0.412140946,8.725838878,0.003137317,0.064377791
YKL182W,4004.870709,-1.212878887,0.379853774,10.12394349,0.001463555,0.036846359
YKL004W,246.4659619,-1.208917866,0.321756538,13.98150271,0.000184618,0.009044619
YDL126C,1781.640343,-1.207496228,0.316900199,14.419169,0.000146305,0.007724359
YER131W,1128.774809,-1.207087406,0.418193563,8.260723167,0.004051199,0.076229822
YEL031W,948.9834826,-1.205130931,0.298163827,16.23466069,5.60E-05,0.003852089
YKL210W,1021.52296,-1.202239416,0.325676358,13.56604721,0.000230314,0.010350801
YGR218W,582.1965045,-1.196857906,0.254100426,22.08942074,2.60E-06,0.00029483
YKL010C,182.2342317,-1.194612361,0.369447168,10.44134363,0.001232256,0.03350504
YGR118W,2033.22176,-1.193528173,0.400373281,8.81739846,0.002983718,0.062166499
YOL090W,202.0652638,-1.190238703,0.325322821,13.32162204,0.000262363,0.0112341
YLR180W,1095.381873,-1.188169299,0.327286137,13.10128263,0.000295094,0.012156965
YCR012W,22279.88506,-1.187723897,0.340531448,12.08024589,0.000509589,0.018351945
YCR011C,286.9792382,-1.186723856,0.325590265,13.24590024,0.000273177,0.011427191
YHL007C,169.5306286,-1.184565226,0.358971694,10.8034972,0.001013085,0.028777968
YGR094W,1821.784567,-1.184018816,0.317040372,13.86193842,0.000196743,0.009468033
YER043C,3016.216916,-1.183849354,0.304975729,14.96538008,0.000109502,0.006268116
YDR028C,213.6184891,-1.183220875,0.3363897,12.36365821,0.000437772,0.016757246
YDR301W,103.9689902,-1.182441149,0.403889581,8.536226387,0.003481467,0.069603735
YGL191W,180.6156075,-1.17532826,0.414262408,7.952784618,0.004801344,0.083478732
YHR042W,658.9229017,-1.173670106,0.325013318,12.97395523,0.000315854,0.012818018
YDR234W,182.9217376,-1.16302731,0.363742208,10.17500755,0.001423571,0.036497243
YLR384C,397.3004931,-1.162224998,0.374687412,9.608878005,0.001936389,0.045388294
YBL017C,337.9655641,-1.150620043,0.33661786,11.64023196,0.000645406,0.0213543
YDR170C,411.9267009,-1.1494995,0.348925267,10.82016654,0.001004005,0.028777968
YPL217C,330.5635801,-1.143184817,0.415451046,7.54983682,0.006001551,0.099198887
YCR069W,141.9204701,-1.137648419,0.372899501,9.267913788,0.002332032,0.053061041
YOR326W,344.1167463,-1.136824673,0.380873153,8.885856097,0.002873883,0.061285027
YIL108W,154.1812351,-1.133038599,0.353634258,10.17526732,0.001423371,0.036497243
YLR044C,62546.85127,-1.11448127,0.309472308,12.88906277,0.000330508,0.013118992
YDR502C,714.8214656,-1.109312593,0.255907307,18.66608591,1.56E-05,0.001283103
YPL085W,299.9121953,-1.108924567,0.351843681,9.898228007,0.00165438,0.040163028
YNL216W,207.6049982,-1.107970143,0.335395243,10.8380936,0.000994331,0.028777968
YDL128W,147.2335626,-1.105852942,0.35966375,9.430303694,0.002134289,0.049179093
YBR196C,5848.137308,-1.105810539,0.314582513,12.28393904,0.000456873,0.017134315
YDR497C,368.7401744,-1.104694608,0.297723461,13.70658833,0.000213703,0.009848471
YDL148C,230.5292426,-1.091901921,0.382039391,8.173822666,0.004249925,0.0778856
YLR153C,1338.520254,-1.090105698,0.282048374,14.86208453,0.000115665,0.00655192
YMR012W,994.7979247,-1.088917896,0.293172934,13.7462959,0.000209233,0.009848471
YER126C,221.0930498,-1.086340269,0.361896611,8.938474494,0.002792258,0.060016997
YLL034C,172.5657905,-1.085921646,0.381078798,8.122597215,0.004371688,0.078921598
YBL076C,2059.896482,-1.084071936,0.311672599,12.04181589,0.000520203,0.018610936
YMR079W,474.6430816,-1.08161831,0.278707398,15.00042823,0.000107487,0.006268116
YHR027C,632.7854765,-1.08147184,0.326801925,10.92059932,0.000951008,0.028509003
YBR088C,296.2120601,-1.080634406,0.365954676,8.67963592,0.003217853,0.065293592
YHR174W,62755.79986,-1.079644732,0.374245047,8.274310245,0.004020994,0.076097583
YJR131W,117.1640141,-1.078471512,0.389317215,7.633629894,0.005728989,0.095272908
YIL078W,1899.99014,-1.073909096,0.27334321,15.36117108,8.88E-05,0.005550158
YPL106C,3314.004855,-1.07311878,0.272934013,15.37712302,8.80E-05,0.005550158
YDR226W,987.0442126,-1.071650657,0.249016838,18.42507468,1.77E-05,0.001434311
YGL139W,142.1679512,-1.070074747,0.374708088,8.106185656,0.004411446,0.079173075
YER036C,1486.619535,-1.069418069,0.313547501,11.56337917,0.000672635,0.021902928
YHR064C,2106.800278,-1.065878066,0.303835904,12.23650425,0.000468635,0.0173461
YAL023C,811.5117001,-1.063778566,0.2688854,15.57366425,7.94E-05,0.005137109
YMR308C,684.2434665,-1.056404137,0.278333626,14.35011903,0.00015177,0.007812998
YHR165C,237.4089177,-1.051623475,0.322806209,10.57244918,0.001147855,0.031685472
YMR309C,1123.434605,-1.04969251,0.339945078,9.499266549,0.00205554,0.047769355
YMR011W,766.7415492,-1.048339336,0.378154881,7.67511972,0.005598738,0.093679805
YNL087W,202.0388743,-1.046720202,0.324455696,10.37801796,0.001275245,0.034330611
YGR155W,1977.989123,-1.035000313,0.300169582,11.82986953,0.000582881,0.020095681
YBR127C,1493.132565,-1.034060099,0.270369123,14.55579073,0.00013607,0.007326214
YGL008C,13117.09423,-1.032012999,0.36455499,7.97128882,0.004752509,0.083368205
YER166W,191.5779095,-1.031099819,0.343629897,8.956831474,0.002764339,0.059890344
YOR085W,277.4287549,-1.028499479,0.330239958,9.642876503,0.001900873,0.044943255
YMR305C,636.3107017,-1.026917687,0.293962866,12.11040263,0.000501413,0.018177895
YJR077C,718.9227326,-1.021014719,0.294206184,11.97874007,0.00053811,0.01912575
YEL063C,232.4770007,-1.016054895,0.357845422,7.988646277,0.00470716,0.083108879
YGL167C,395.393372,-1.011806473,0.274675574,13.52359661,0.000235582,0.010369339
YJR045C,3021.625811,-1.009184585,0.305655624,10.85141987,0.0009872,0.028777968
YOR027W,1081.239528,-1.008732678,0.28352761,12.60482805,0.000384752,0.014838861
YAL021C,207.9075001,-0.997691518,0.348509873,8.178066455,0.004239993,0.0778856
YGL028C,269.2597939,-0.995936265,0.350070971,8.063971757,0.004515409,0.08024443
YKL157W,432.6030806,-0.99358895,0.293851507,11.43402128,0.000721114,0.02306718
YJL109C,656.5439044,-0.991820876,0.345169667,8.252823531,0.004068866,0.076280193
YOR310C,1494.28778,-0.989700913,0.309821221,10.15171381,0.001441672,0.036634625
YPR074C,3156.956982,-0.984934111,0.29947284,10.77059319,0.001031255,0.029056799
YIL030C,302.3061109,-0.97631231,0.305167969,10.22902527,0.001382477,0.035970862
YPR145W,1583.173375,-0.971820055,0.282657385,11.78374615,0.000597501,0.02029636
YJL172W,347.8195267,-0.965635718,0.302706292,10.14117224,0.001449939,0.036673348
YGL137W,691.9931104,-0.964817884,0.260789348,13.65391021,0.000219783,0.010043536
YGL084C,191.6663992,-0.953776561,0.335496952,8.048689519,0.004553658,0.080660565
YBR036C,347.1351335,-0.952798345,0.297424626,10.18756317,0.00141391,0.036497243
YOR086C,260.3419509,-0.943131431,0.30234223,9.693666716,0.001849042,0.044101273
YOR335C,1387.639614,-0.936568075,0.290239082,10.38173088,0.001272683,0.034330611
YKL184W,218.8535847,-0.9209139,0.330501423,7.742764347,0.005392818,0.092220585
YOR151C,537.1508569,-0.917805223,0.269378612,11.5759858,0.00066809,0.021885987
YBR121C,1528.467772,-0.914125463,0.253010462,13.01371913,0.000309217,0.012643031
YPR033C,631.348638,-0.909877923,0.279368968,10.57869064,0.001143987,0.031685472
YGL148W,811.8929834,-0.908901684,0.304905809,8.851092057,0.002929136,0.061500543
YDR395W,633.2068946,-0.900952762,0.275956388,10.65437444,0.001098109,0.030623157
YLR197W,1536.943767,-0.898388741,0.321096978,7.800939286,0.005221908,0.089863092
YER001W,507.528128,-0.895884907,0.311355366,8.270168194,0.004030177,0.076097583
YGL200C,366.6004892,-0.895371826,0.292125463,9.351018868,0.002228615,0.051135909
YDR127W,830.0193171,-0.894649581,0.310264767,8.291453017,0.00398321,0.076097583
YMR203W,645.9165566,-0.891741346,0.260794689,11.64546486,0.000643592,0.0213543
YHR205W,285.05134,-0.885258621,0.296945649,8.838253383,0.002949813,0.061696477
YJL034W,2390.112879,-0.882597453,0.265080977,11.04179543,0.000890805,0.027523865
YEL042W,450.9703044,-0.881936808,0.305255062,8.313874541,0.003934337,0.076097583
YGL026C,850.5102193,-0.877218671,0.303868195,8.308855839,0.003945224,0.076097583
YCR017C,357.8235155,-0.874399864,0.291854371,8.946971562,0.0027793,0.059975522
YJR075W,232.8895828,-0.873300228,0.312856786,7.763440329,0.005331431,0.091458434
YDR341C,1073.519351,-0.868703163,0.269937862,10.33467458,0.001305541,0.034644396
YDR238C,656.9231453,-0.867136869,0.297018858,8.51482588,0.003522646,0.069658729
YGL234W,1049.574788,-0.865159212,0.311101045,7.714227078,0.005478731,0.092814144
YBR084W,706.40464,-0.863924876,0.273713506,9.939261326,0.001617905,0.039685547
YEL026W,766.8594725,-0.861121107,0.303891429,7.980607981,0.004728106,0.083208546
YGR175C,1066.931816,-0.847687308,0.299716212,7.963511633,0.004772972,0.083457952
YKR001C,550.7083907,-0.844360334,0.296089495,8.117945284,0.004382921,0.078921598
YNL085W,487.7570589,-0.839000527,0.281796899,8.863640386,0.002909068,0.061444032
YPL091W,386.0835134,-0.807598754,0.292619671,7.589238261,0.005871775,0.097349741
YOR168W,908.0680994,-0.800840242,0.260050956,9.471554143,0.002086825,0.048290019
YBR069C,426.3741079,-0.765385851,0.278530944,7.533198249,0.006057228,0.099530418
YER165W,2828.670886,-0.749622735,0.258766032,8.368799728,0.003817177,0.074668366
YER064C,353.9483274,0.9737683,0.345516821,7.951458959,0.004804863,0.083478732
YLR257W,392.3068627,1.017529754,0.326593161,9.727315053,0.001815495,0.043684345
YOR175C,215.5504188,1.029146256,0.348249682,8.719037555,0.003149042,0.064377791
YNL131W,196.7200372,1.101813126,0.396597316,7.692355185,0.005545521,0.093075757
YHL021C,226.1609224,1.121429475,0.387671263,8.284262493,0.003999014,0.076097583
YDR074W,391.2267606,1.169895228,0.312102657,14.01589626,0.000181272,0.008961412
YLR274W,150.4031592,1.200984475,0.421924935,8.308578894,0.003945825,0.076097583
YER078C,89.57502742,1.279463481,0.451259113,8.126311745,0.004362741,0.078921598
YKR091W,110.1111855,1.294307792,0.464349759,8.085562744,0.004461927,0.079815661
YOR303W,218.6487499,1.298310798,0.356468674,13.45172979,0.00024478,0.010564411
YIL056W,112.3681755,1.30762183,0.426721658,9.594615786,0.001951488,0.045545877
YDR171W,90.67800511,1.312587097,0.467415581,7.828987567,0.005141489,0.088760056
YPR127W,84.44667797,1.319615328,0.458732167,8.505742588,0.003540274,0.06975366
YHR142W,156.0426206,1.34366067,0.41109174,10.88576881,0.000969059,0.02877325
YGL196W,95.39237256,1.359719391,0.484758835,8.172180456,0.004253774,0.0778856
YHR030C,319.0246567,1.375590449,0.362971054,14.62497821,0.000131164,0.007132725
YHR198C,77.59707896,1.383737065,0.492239678,8.247004719,0.00408193,0.076280193
YKL120W,95.03195536,1.432825516,0.454066454,10.50060896,0.001193352,0.032610295
YHR137W,460.6437653,1.43701526,0.437800906,10.81362153,0.00100756,0.028777968
YKL062W,80.40952326,1.470495206,0.514235151,8.303742036,0.003956348,0.076097583
YDL020C,192.0464901,1.472282533,0.376421186,15.68265564,7.49E-05,0.005029005
YBL005W,77.4785537,1.495785864,0.506923288,9.054656496,0.002620266,0.057922797
YOR220W,70.96905672,1.496031899,0.498777247,9.221443588,0.002391969,0.054198024
YNL101W,74.73986128,1.500772409,0.534328509,8.205465204,0.00417644,0.077539182
YBR214W,112.9885846,1.587853649,0.478103259,11.01393146,0.000904296,0.027782847
YHR006W,115.1023683,1.589053947,0.466063593,11.82844541,0.000583327,0.020095681
YPL175W,73.7801147,1.610486743,0.573535629,8.520735045,0.003511226,0.069658729
YLR084C,84.8243681,1.6437875,0.463551518,13.12474367,0.000291421,0.012097318
YJL141C,97.16582155,1.644182468,0.455029633,13.30455958,0.000264761,0.011248226
YKL201C,116.3578342,1.651132391,0.506216634,11.8266931,0.000583876,0.020095681
YBR165W,54.39619961,1.663167779,0.607143604,7.721222319,0.005457543,0.092814144
YPL095C,73.00082452,1.671944889,0.576643312,8.740107267,0.003112862,0.064146734
YER130C,103.7583689,1.701335192,0.459689538,13.94074166,0.000188665,0.009160338
YDR222W,56.65543849,1.7234315,0.587381658,9.055408572,0.002619189,0.057922797
YLR116W,72.0505924,1.732473067,0.583698181,9.158429527,0.002475749,0.055632751
YIL117C,119.6735052,1.735219419,0.54510544,10.36787188,0.001282273,0.034349749
YCL040W,601.6223255,1.782099192,0.505696925,12.23545241,0.0004689,0.0173461
YKL075C,50.6018396,1.78962222,0.68172513,7.638108023,0.005714783,0.095272908
YKL051W,109.5667816,1.822530282,0.41616564,19.47869507,1.02E-05,0.000921995
YPL214C,72.44755243,1.907952506,0.649554708,9.92847409,0.001627414,0.039685547
YNL159C,47.98747057,1.9808577,0.611855657,10.91450005,0.000954145,0.028509003
YNL032W,53.12645814,2.017163506,0.694634081,9.704081161,0.001838592,0.04404522
YKL161C,113.7094046,2.018894235,0.653153905,11.16014975,0.000835732,0.025969768
YCL004W,41.49482008,2.123225665,0.68585648,10.84031915,0.000993136,0.028777968
YCR037C,205.5858322,2.12797644,0.426699622,26.19629347,3.08E-07,4.93E-05
YOR162C,73.60839022,2.131270432,0.542321545,16.72976179,4.31E-05,0.003043836
YAL062W,39.90203506,2.158350512,0.750826557,9.282285772,0.002313805,0.052867531
YMR316W,102.3166552,2.218260526,0.693855117,12.33839109,0.000443737,0.016757246
YFR020W,36.54486689,2.218398189,0.863475007,8.204866146,0.004177819,0.077539182
YKL163W,44.12268654,2.26971389,0.94825066,7.704964696,0.005506915,0.093001875
YGL211W,77.21685223,2.325680579,0.668805232,14.16570076,0.000167394,0.008507385
YOL014W,43.13105715,2.36206149,0.796810299,10.79805756,0.001016067,0.028777968
YOR273C,191.0973301,2.382469014,0.400944211,35.36137492,2.74E-09,8.76E-07
YLR266C,76.17923905,2.392331773,0.657764774,14.73688524,0.000123604,0.006789498
YOR368W,38.22254206,2.466933693,0.74911152,11.50445378,0.000694296,0.022340729
YJL206C,39.03398635,2.497361507,0.826129245,10.09534678,0.001486442,0.037079224
YDR332W,40.08756052,2.503854823,0.994270485,8.136132075,0.004339175,0.078921598
YDR453C,27.34784745,2.506076122,0.993799525,8.279591577,0.004009315,0.076097583
YJR083C,40.80178684,2.510626149,0.67030822,15.14017618,9.98E-05,0.006031124
YBR203W,22.98641255,2.541419242,0.772466847,11.77317608,0.000600904,0.02029636
YNL230C,33.10321576,2.621562602,1.003157564,8.669231691,0.003236276,0.065423306
YOR208W,66.72783909,2.694153492,0.938386626,11.39826985,0.000735125,0.023377847
YER081W,377.1188853,2.886176111,0.458751662,41.55359208,1.15E-10,6.24E-08
YNR004W,24.30873079,3.158204235,1.159644707,10.9838931,0.000919072,0.028078153
YPL119C,14.35290975,3.159391949,1.076290884,10.32101462,0.00131524,0.034719772
YBR008C,75.22176783,3.18087208,0.917890291,18.69576955,1.53E-05,0.001282718
YDL197C,46.82672415,3.233763686,1.003434262,13.71805095,0.000212403,0.009848471
YML002W,77.44968238,3.26935232,1.087747841,15.91800971,6.61E-05,0.004496295
YPL088W,162.4351302,3.284056903,0.815536612,24.71259794,6.65E-07,9.05E-05
YNR060W,222.443751,3.36829216,0.890475435,25.0572853,5.57E-07,7.96E-05
YCR073C,50.51900016,3.381701098,0.729697406,27.69077369,1.42E-07,2.76E-05
YML054C,33.56420414,3.514767993,1.139981977,15.00560302,0.000107192,0.006268116
YPL052W,29.80282215,3.597073112,0.894020213,18.73251539,1.50E-05,0.001277896
YOR180C,22.5203717,3.669968129,1.181996278,14.38383236,0.000149077,0.007794996
YGR121C,34.70268714,3.936506036,1.178514196,17.06191225,3.62E-05,0.002658793
YDR444W,43.7237249,4.009985224,1.399568516,14.79849696,0.000119631,0.006706725
YML081C-A,17.3722802,4.01193556,1.578806574,7.909671709,0.004917119,0.085156988
YMR068W,27.4144566,4.072546088,1.43155156,13.48018237,0.000241096,0.010488656
YOL029C,32.82818527,4.252079883,1.525496833,10.33400734,0.001306013,0.034644396
YGR213C,110.0279095,4.3109077,1.4984798,11.63296191,0.000647933,0.0213543
YLR046C,129.5954704,4.311993747,1.356858972,22.69365885,1.90E-06,0.000229597
YOR032C,32.91999478,4.393947831,1.536432685,10.87716644,0.000973571,0.02877325
YHL043W,39.51817786,4.515628894,1.547580008,11.28282092,0.000782276,0.024589693
YPL165C,29.44299912,4.546779368,1.607778015,9.68239078,0.001860424,0.044178975
YBR083W,29.95643014,4.57461343,1.419599401,19.02287328,1.29E-05,0.001114884
YGL194C-A,5.787838322,4.681977924,1.752904207,8.129169345,0.00435587,0.078921598
YLR411W,85.16180845,4.797465963,1.512307156,14.73777793,0.000123546,0.006789498
YBR018C,10.61298983,4.950098036,1.702382735,9.845638279,0.001702349,0.041143887
YKL187C,24.29229835,4.952891465,1.444376741,20.95827315,4.69E-06,0.00049088
YJL108C,28.94478703,5.016365893,1.533111633,15.41642933,8.62E-05,0.005517029
YDL231C,134.5988145,5.367620098,1.363664107,40.3329453,2.14E-10,1.06E-07
YOR178C,26.9285361,7.616239232,1.572384178,39.6243221,3.08E-10,1.39E-07
YJL213W,114.662787,7.799659234,1.481126643,76.90283964,1.80E-18,4.88E-15
YKR105C,7.298352203,9.25899429,2.597822217,11.38624041,0.000739901,0.023392926
YNL303W,7.168175398,9.717637316,2.634246776,8.610781393,0.003341789,0.067306107
YCR024C-B,17.71676587,10.58664554,2.562058877,10.27770513,0.001346473,0.035207834
YGL088W,1083.79589,10.69598035,1.435557498,160.585823,8.43E-37,4.58E-33
YNL143C,210.9552968,11.65713733,2.315432096,11.921711,0.000554835,0.019465759